run_id,question_id,task_type,model,kc,status,input_status,output_tokens,answer_chars,causes,is_valid_data
PL004_V01_Q01__A1_K1,PL004_V01_Q01,国民经济行业分类,A1,K1,OK,ready,7836,2915,E4_FORMAT_NOT_JSON;P1_PROMPT_CHANGED;S1_GOLD_UNCONFIRMED,False
PL004_V01_Q01__A1_K2,PL004_V01_Q01,国民经济行业分类,A1,K2,OK,ready,6179,2452,E4_FORMAT_NOT_JSON;I5_WEB_SNAPSHOT_DRIFT;P1_PROMPT_CHANGED;S1_GOLD_UNCONFIRMED,False
PL004_V01_Q01__A1_K3,PL004_V01_Q01,国民经济行业分类,A1,K3,OK,ready,6171,2624,E4_FORMAT_NOT_JSON;P1_PROMPT_CHANGED;S1_GOLD_UNCONFIRMED,False
PL004_V01_Q01__A2_K1,PL004_V01_Q01,国民经济行业分类,A2,K1,OK,ready,1670,989,E4_FORMAT_NOT_JSON;P1_PROMPT_CHANGED;S1_GOLD_UNCONFIRMED,False
PL004_V01_Q01__A2_K2,PL004_V01_Q01,国民经济行业分类,A2,K2,OK,ready,1861,960,E4_FORMAT_NOT_JSON;I5_WEB_SNAPSHOT_DRIFT;P1_PROMPT_CHANGED;S1_GOLD_UNCONFIRMED,False
PL004_V01_Q01__A2_K3,PL004_V01_Q01,国民经济行业分类,A2,K3,OK,ready,1526,862,E4_FORMAT_NOT_JSON;P1_PROMPT_CHANGED;S1_GOLD_UNCONFIRMED,False
PL004_V01_Q01__A3_K1,PL004_V01_Q01,国民经济行业分类,A3,K1,OK,ready,4523,2651,E4_FORMAT_NOT_JSON;P1_PROMPT_CHANGED;S1_GOLD_UNCONFIRMED,False
PL004_V01_Q01__A3_K2,PL004_V01_Q01,国民经济行业分类,A3,K2,OK,ready,6914,2048,E4_FORMAT_NOT_JSON;I5_WEB_SNAPSHOT_DRIFT;P1_PROMPT_CHANGED;S1_GOLD_UNCONFIRMED,False
PL004_V01_Q01__A3_K3,PL004_V01_Q01,国民经济行业分类,A3,K3,OK,ready,4540,1690,E4_FORMAT_NOT_JSON;P1_PROMPT_CHANGED;S1_GOLD_UNCONFIRMED,False
PL010_VOCSTotal_Q01__A1_K1,PL010_VOCSTotal_Q01,VOCs总量控制与一致性,A1,K1,TRUNCATED,ready,8192,0,E2_TRUNC_EMPTY;I2_CTX_SECTION_DEFECT;P1_PROMPT_CHANGED;S1_GOLD_UNCONFIRMED,False
PL010_VOCSTotal_Q01__A1_K2,PL010_VOCSTotal_Q01,VOCs总量控制与一致性,A1,K2,TRUNCATED,ready,8192,0,E2_TRUNC_EMPTY;I2_CTX_SECTION_DEFECT;I5_WEB_SNAPSHOT_DRIFT;P1_PROMPT_CHANGED;S1_GOLD_UNCONFIRMED,False
PL010_VOCSTotal_Q01__A1_K3,PL010_VOCSTotal_Q01,VOCs总量控制与一致性,A1,K3,TRUNCATED,ready,8192,0,E2_TRUNC_EMPTY;I2_CTX_SECTION_DEFECT;I4_RAG_INSTRUCTION;P1_PROMPT_CHANGED;S1_GOLD_UNCONFIRMED,False
PL010_VOCSTotal_Q01__A2_K1,PL010_VOCSTotal_Q01,VOCs总量控制与一致性,A2,K1,OK,ready,3613,1310,E4_FORMAT_NOT_JSON;I2_CTX_SECTION_DEFECT;P1_PROMPT_CHANGED;S1_GOLD_UNCONFIRMED,False
PL010_VOCSTotal_Q01__A2_K2,PL010_VOCSTotal_Q01,VOCs总量控制与一致性,A2,K2,OK,ready,3540,1609,E4_FORMAT_NOT_JSON;I2_CTX_SECTION_DEFECT;I5_WEB_SNAPSHOT_DRIFT;P1_PROMPT_CHANGED;S1_GOLD_UNCONFIRMED,False
PL010_VOCSTotal_Q01__A2_K3,PL010_VOCSTotal_Q01,VOCs总量控制与一致性,A2,K3,OK,ready,3828,1263,E4_FORMAT_NOT_JSON;I2_CTX_SECTION_DEFECT;I4_RAG_INSTRUCTION;P1_PROMPT_CHANGED;S1_GOLD_UNCONFIRMED,False
PL010_VOCSTotal_Q01__A3_K1,PL010_VOCSTotal_Q01,VOCs总量控制与一致性,A3,K1,TRUNCATED,ready,8192,1277,E3_TRUNC_PARTIAL;I2_CTX_SECTION_DEFECT;P1_PROMPT_CHANGED;S1_GOLD_UNCONFIRMED,False
PL010_VOCSTotal_Q01__A3_K2,PL010_VOCSTotal_Q01,VOCs总量控制与一致性,A3,K2,TRUNCATED,ready,8192,1526,E3_TRUNC_PARTIAL;I2_CTX_SECTION_DEFECT;I5_WEB_SNAPSHOT_DRIFT;P1_PROMPT_CHANGED;S1_GOLD_UNCONFIRMED,False
PL010_VOCSTotal_Q01__A3_K3,PL010_VOCSTotal_Q01,VOCs总量控制与一致性,A3,K3,TRUNCATED,ready,8192,574,E3_TRUNC_PARTIAL;I2_CTX_SECTION_DEFECT;I4_RAG_INSTRUCTION;P1_PROMPT_CHANGED;S1_GOLD_UNCONFIRMED,False
PL002_V01_Q01__A1_K1,PL002_V01_Q01,国民经济行业分类,A1,K1,OK,ready,5748,3967,E4_FORMAT_NOT_JSON;P1_PROMPT_CHANGED;S1_GOLD_UNCONFIRMED,False
PL002_V01_Q01__A1_K2,PL002_V01_Q01,国民经济行业分类,A1,K2,OK,ready,7030,4664,E4_FORMAT_NOT_JSON;I5_WEB_SNAPSHOT_DRIFT;P1_PROMPT_CHANGED;S1_GOLD_UNCONFIRMED,False
PL002_V01_Q01__A1_K3,PL002_V01_Q01,国民经济行业分类,A1,K3,OK,ready,7478,4767,E4_FORMAT_NOT_JSON;P1_PROMPT_CHANGED;S1_GOLD_UNCONFIRMED,False
PL002_V01_Q01__A2_K1,PL002_V01_Q01,国民经济行业分类,A2,K1,OK,ready,1637,1091,E4_FORMAT_NOT_JSON;P1_PROMPT_CHANGED;S1_GOLD_UNCONFIRMED,False
PL002_V01_Q01__A2_K2,PL002_V01_Q01,国民经济行业分类,A2,K2,OK,ready,2316,1709,E4_FORMAT_NOT_JSON;I5_WEB_SNAPSHOT_DRIFT;P1_PROMPT_CHANGED;S1_GOLD_UNCONFIRMED,False
PL002_V01_Q01__A2_K3,PL002_V01_Q01,国民经济行业分类,A2,K3,OK,ready,2723,1484,E4_FORMAT_NOT_JSON;P1_PROMPT_CHANGED;S1_GOLD_UNCONFIRMED,False
PL002_V01_Q01__A3_K1,PL002_V01_Q01,国民经济行业分类,A3,K1,OK,ready,8042,5568,E4_FORMAT_NOT_JSON;P1_PROMPT_CHANGED;S1_GOLD_UNCONFIRMED,False
PL002_V01_Q01__A3_K2,PL002_V01_Q01,国民经济行业分类,A3,K2,OK,ready,4884,2511,E4_FORMAT_NOT_JSON;I5_WEB_SNAPSHOT_DRIFT;P1_PROMPT_CHANGED;S1_GOLD_UNCONFIRMED,False
PL002_V01_Q01__A3_K3,PL002_V01_Q01,国民经济行业分类,A3,K3,OK,ready,7103,3602,E4_FORMAT_NOT_JSON;P1_PROMPT_CHANGED;S1_GOLD_UNCONFIRMED,False
PL005_Emission_固体__A1_K1,PL005_Emission_固体,固体废物控制标准,A1,K1,TRUNCATED,ready,8192,0,E2_TRUNC_EMPTY;P1_PROMPT_CHANGED;S1_GOLD_UNCONFIRMED,False
PL005_Emission_固体__A1_K2,PL005_Emission_固体,固体废物控制标准,A1,K2,TRUNCATED,ready,8192,0,E2_TRUNC_EMPTY;I3_WEB_EMPTY;I5_WEB_SNAPSHOT_DRIFT;P1_PROMPT_CHANGED;S1_GOLD_UNCONFIRMED,False
PL005_Emission_固体__A1_K3,PL005_Emission_固体,固体废物控制标准,A1,K3,TRUNCATED,ready,8192,0,E2_TRUNC_EMPTY;P1_PROMPT_CHANGED;S1_GOLD_UNCONFIRMED,False
PL005_Emission_固体__A2_K1,PL005_Emission_固体,固体废物控制标准,A2,K1,OK,ready,2530,1267,E4_FORMAT_NOT_JSON;P1_PROMPT_CHANGED;S1_GOLD_UNCONFIRMED,False
PL005_Emission_固体__A2_K2,PL005_Emission_固体,固体废物控制标准,A2,K2,OK,ready,3001,1402,E4_FORMAT_NOT_JSON;I3_WEB_EMPTY;I5_WEB_SNAPSHOT_DRIFT;P1_PROMPT_CHANGED;S1_GOLD_UNCONFIRMED,False
PL005_Emission_固体__A2_K3,PL005_Emission_固体,固体废物控制标准,A2,K3,OK,ready,3013,1374,E4_FORMAT_NOT_JSON;P1_PROMPT_CHANGED;S1_GOLD_UNCONFIRMED,False
PL005_Emission_固体__A3_K1,PL005_Emission_固体,固体废物控制标准,A3,K1,TRUNCATED,ready,8192,2529,E3_TRUNC_PARTIAL;P1_PROMPT_CHANGED;S1_GOLD_UNCONFIRMED,False
PL005_Emission_固体__A3_K2,PL005_Emission_固体,固体废物控制标准,A3,K2,TRUNCATED,ready,8192,0,E2_TRUNC_EMPTY;I3_WEB_EMPTY;I5_WEB_SNAPSHOT_DRIFT;P1_PROMPT_CHANGED;S1_GOLD_UNCONFIRMED,False
PL005_Emission_固体__A3_K3,PL005_Emission_固体,固体废物控制标准,A3,K3,TRUNCATED,ready,8192,0,E2_TRUNC_EMPTY;P1_PROMPT_CHANGED;S1_GOLD_UNCONFIRMED,False
PL013_HazardousWaste_Q01__A1_K1,PL013_HazardousWaste_Q01,危险废物识别,A1,K1,TRUNCATED,ready,8192,6131,E3_TRUNC_PARTIAL;P1_PROMPT_CHANGED;S1_GOLD_UNCONFIRMED,False
PL013_HazardousWaste_Q01__A1_K2,PL013_HazardousWaste_Q01,危险废物识别,A1,K2,TRUNCATED,ready,8192,0,E2_TRUNC_EMPTY;I5_WEB_SNAPSHOT_DRIFT;P1_PROMPT_CHANGED;S1_GOLD_UNCONFIRMED,False
PL013_HazardousWaste_Q01__A1_K3,PL013_HazardousWaste_Q01,危险废物识别,A1,K3,OK,ready,7354,3895,E4_FORMAT_NOT_JSON;P1_PROMPT_CHANGED;S1_GOLD_UNCONFIRMED,False
PL013_HazardousWaste_Q01__A2_K1,PL013_HazardousWaste_Q01,危险废物识别,A2,K1,OK,ready,2776,1119,E4_FORMAT_NOT_JSON;P1_PROMPT_CHANGED;S1_GOLD_UNCONFIRMED,False
PL013_HazardousWaste_Q01__A2_K2,PL013_HazardousWaste_Q01,危险废物识别,A2,K2,OK,ready,3137,1463,E4_FORMAT_NOT_JSON;I5_WEB_SNAPSHOT_DRIFT;P1_PROMPT_CHANGED;S1_GOLD_UNCONFIRMED,False
PL013_HazardousWaste_Q01__A2_K3,PL013_HazardousWaste_Q01,危险废物识别,A2,K3,OK,ready,3931,1422,E4_FORMAT_NOT_JSON;P1_PROMPT_CHANGED;S1_GOLD_UNCONFIRMED,False
PL013_HazardousWaste_Q01__A3_K1,PL013_HazardousWaste_Q01,危险废物识别,A3,K1,TRUNCATED,ready,8192,2446,E3_TRUNC_PARTIAL;P1_PROMPT_CHANGED;S1_GOLD_UNCONFIRMED,False
PL013_HazardousWaste_Q01__A3_K2,PL013_HazardousWaste_Q01,危险废物识别,A3,K2,TRUNCATED,ready,8192,0,E2_TRUNC_EMPTY;I5_WEB_SNAPSHOT_DRIFT;P1_PROMPT_CHANGED;S1_GOLD_UNCONFIRMED,False
PL013_HazardousWaste_Q01__A3_K3,PL013_HazardousWaste_Q01,危险废物识别,A3,K3,TRUNCATED,ready,8192,2899,E3_TRUNC_PARTIAL;P1_PROMPT_CHANGED;S1_GOLD_UNCONFIRMED,False
PL008_DesignAirflow_Q01__A1_K1,PL008_DesignAirflow_Q01,废气设计风量,A1,K1,OK,ready,5473,3718,E4_FORMAT_NOT_JSON;P1_PROMPT_CHANGED;S1_GOLD_UNCONFIRMED,False
PL008_DesignAirflow_Q01__A1_K2,PL008_DesignAirflow_Q01,废气设计风量,A1,K2,OK,ready,5758,4492,E4_FORMAT_NOT_JSON;I5_WEB_SNAPSHOT_DRIFT;P1_PROMPT_CHANGED;S1_GOLD_UNCONFIRMED,False
PL008_DesignAirflow_Q01__A1_K3,PL008_DesignAirflow_Q01,废气设计风量,A1,K3,OK,ready,5813,4588,E4_FORMAT_NOT_JSON;I4_RAG_INSTRUCTION;P1_PROMPT_CHANGED;S1_GOLD_UNCONFIRMED,False
PL008_DesignAirflow_Q01__A2_K1,PL008_DesignAirflow_Q01,废气设计风量,A2,K1,OK,ready,1734,700,E4_FORMAT_NOT_JSON;P1_PROMPT_CHANGED;S1_GOLD_UNCONFIRMED,False
PL008_DesignAirflow_Q01__A2_K2,PL008_DesignAirflow_Q01,废气设计风量,A2,K2,OK,ready,1593,904,E4_FORMAT_NOT_JSON;I5_WEB_SNAPSHOT_DRIFT;P1_PROMPT_CHANGED;S1_GOLD_UNCONFIRMED,False
PL008_DesignAirflow_Q01__A2_K3,PL008_DesignAirflow_Q01,废气设计风量,A2,K3,OK,ready,2081,960,E4_FORMAT_NOT_JSON;I4_RAG_INSTRUCTION;P1_PROMPT_CHANGED;S1_GOLD_UNCONFIRMED,False
PL008_DesignAirflow_Q01__A3_K1,PL008_DesignAirflow_Q01,废气设计风量,A3,K1,OK,ready,6837,3932,E4_FORMAT_NOT_JSON;P1_PROMPT_CHANGED;S1_GOLD_UNCONFIRMED,False
PL008_DesignAirflow_Q01__A3_K2,PL008_DesignAirflow_Q01,废气设计风量,A3,K2,OK,ready,4160,3623,E4_FORMAT_NOT_JSON;I5_WEB_SNAPSHOT_DRIFT;P1_PROMPT_CHANGED;S1_GOLD_UNCONFIRMED,False
PL008_DesignAirflow_Q01__A3_K3,PL008_DesignAirflow_Q01,废气设计风量,A3,K3,OK,ready,5354,4280,E4_FORMAT_NOT_JSON;I4_RAG_INSTRUCTION;P1_PROMPT_CHANGED;S1_GOLD_UNCONFIRMED,False
PL007_CaptureEfficiency_Q01__A1_K1,PL007_CaptureEfficiency_Q01,废气收集效率,A1,K1,OK,ready,6938,5480,E4_FORMAT_NOT_JSON;P1_PROMPT_CHANGED;S1_GOLD_UNCONFIRMED,False
PL007_CaptureEfficiency_Q01__A1_K2,PL007_CaptureEfficiency_Q01,废气收集效率,A1,K2,TRUNCATED,ready,8192,3423,E3_TRUNC_PARTIAL;I5_WEB_SNAPSHOT_DRIFT;P1_PROMPT_CHANGED;S1_GOLD_UNCONFIRMED,False
PL007_CaptureEfficiency_Q01__A1_K3,PL007_CaptureEfficiency_Q01,废气收集效率,A1,K3,OK,ready,7630,4802,E4_FORMAT_NOT_JSON;I4_RAG_INSTRUCTION;P1_PROMPT_CHANGED;S1_GOLD_UNCONFIRMED,False
PL007_CaptureEfficiency_Q01__A2_K1,PL007_CaptureEfficiency_Q01,废气收集效率,A2,K1,OK,ready,2171,1214,E4_FORMAT_NOT_JSON;P1_PROMPT_CHANGED;S1_GOLD_UNCONFIRMED,False
PL007_CaptureEfficiency_Q01__A2_K2,PL007_CaptureEfficiency_Q01,废气收集效率,A2,K2,OK,ready,2653,1268,E4_FORMAT_NOT_JSON;I5_WEB_SNAPSHOT_DRIFT;P1_PROMPT_CHANGED;S1_GOLD_UNCONFIRMED,False
PL007_CaptureEfficiency_Q01__A2_K3,PL007_CaptureEfficiency_Q01,废气收集效率,A2,K3,OK,ready,2416,1097,E4_FORMAT_NOT_JSON;I4_RAG_INSTRUCTION;P1_PROMPT_CHANGED;S1_GOLD_UNCONFIRMED,False
PL007_CaptureEfficiency_Q01__A3_K1,PL007_CaptureEfficiency_Q01,废气收集效率,A3,K1,OK,ready,7614,4326,E4_FORMAT_NOT_JSON;P1_PROMPT_CHANGED;S1_GOLD_UNCONFIRMED,False
PL007_CaptureEfficiency_Q01__A3_K2,PL007_CaptureEfficiency_Q01,废气收集效率,A3,K2,TRUNCATED,ready,8192,3005,E3_TRUNC_PARTIAL;I5_WEB_SNAPSHOT_DRIFT;P1_PROMPT_CHANGED;S1_GOLD_UNCONFIRMED,False
PL007_CaptureEfficiency_Q01__A3_K3,PL007_CaptureEfficiency_Q01,废气收集效率,A3,K3,TRUNCATED,ready,8192,0,E2_TRUNC_EMPTY;I4_RAG_INSTRUCTION;P1_PROMPT_CHANGED;S1_GOLD_UNCONFIRMED,False
PL008_VOCSMeasure_Q01__A1_K1,PL008_VOCSMeasure_Q01,VOCs治理措施一致性,A1,K1,OK,ready,4785,2218,E4_FORMAT_NOT_JSON;P1_PROMPT_CHANGED;S1_GOLD_UNCONFIRMED;S2_GOLD_SUSPECT,False
PL008_VOCSMeasure_Q01__A1_K2,PL008_VOCSMeasure_Q01,VOCs治理措施一致性,A1,K2,OK,ready,4982,3575,E4_FORMAT_NOT_JSON;I5_WEB_SNAPSHOT_DRIFT;P1_PROMPT_CHANGED;S1_GOLD_UNCONFIRMED;S2_GOLD_SUSPECT,False
PL008_VOCSMeasure_Q01__A1_K3,PL008_VOCSMeasure_Q01,VOCs治理措施一致性,A1,K3,OK,ready,4698,3743,E4_FORMAT_NOT_JSON;P1_PROMPT_CHANGED;S1_GOLD_UNCONFIRMED;S2_GOLD_SUSPECT,False
PL008_VOCSMeasure_Q01__A2_K1,PL008_VOCSMeasure_Q01,VOCs治理措施一致性,A2,K1,OK,ready,2679,1219,E4_FORMAT_NOT_JSON;P1_PROMPT_CHANGED;S1_GOLD_UNCONFIRMED;S2_GOLD_SUSPECT,False
PL008_VOCSMeasure_Q01__A2_K2,PL008_VOCSMeasure_Q01,VOCs治理措施一致性,A2,K2,OK,ready,2143,1281,E4_FORMAT_NOT_JSON;I5_WEB_SNAPSHOT_DRIFT;P1_PROMPT_CHANGED;S1_GOLD_UNCONFIRMED;S2_GOLD_SUSPECT,False
PL008_VOCSMeasure_Q01__A2_K3,PL008_VOCSMeasure_Q01,VOCs治理措施一致性,A2,K3,OK,ready,1560,809,E4_FORMAT_NOT_JSON;P1_PROMPT_CHANGED;S1_GOLD_UNCONFIRMED;S2_GOLD_SUSPECT,False
PL008_VOCSMeasure_Q01__A3_K1,PL008_VOCSMeasure_Q01,VOCs治理措施一致性,A3,K1,OK,ready,5410,2852,E4_FORMAT_NOT_JSON;P1_PROMPT_CHANGED;S1_GOLD_UNCONFIRMED;S2_GOLD_SUSPECT,False
PL008_VOCSMeasure_Q01__A3_K2,PL008_VOCSMeasure_Q01,VOCs治理措施一致性,A3,K2,OK,ready,7266,3437,E4_FORMAT_NOT_JSON;I5_WEB_SNAPSHOT_DRIFT;P1_PROMPT_CHANGED;S1_GOLD_UNCONFIRMED;S2_GOLD_SUSPECT,False
PL008_VOCSMeasure_Q01__A3_K3,PL008_VOCSMeasure_Q01,VOCs治理措施一致性,A3,K3,OK,ready,6003,2723,E4_FORMAT_NOT_JSON;P1_PROMPT_CHANGED;S1_GOLD_UNCONFIRMED;S2_GOLD_SUSPECT,False
PL008_VOCSTotal_Q01__A1_K1,PL008_VOCSTotal_Q01,VOCs源强与总量数值一致性,A1,K1,TRUNCATED,ready,8192,0,E2_TRUNC_EMPTY;P1_PROMPT_CHANGED;S1_GOLD_UNCONFIRMED,False
PL008_VOCSTotal_Q01__A1_K2,PL008_VOCSTotal_Q01,VOCs源强与总量数值一致性,A1,K2,TRUNCATED,ready,8192,0,E2_TRUNC_EMPTY;I5_WEB_SNAPSHOT_DRIFT;P1_PROMPT_CHANGED;S1_GOLD_UNCONFIRMED,False
PL008_VOCSTotal_Q01__A1_K3,PL008_VOCSTotal_Q01,VOCs源强与总量数值一致性,A1,K3,TRUNCATED,ready,8192,0,E2_TRUNC_EMPTY;I4_RAG_INSTRUCTION;P1_PROMPT_CHANGED;S1_GOLD_UNCONFIRMED,False
PL008_VOCSTotal_Q01__A2_K1,PL008_VOCSTotal_Q01,VOCs源强与总量数值一致性,A2,K1,OK,ready,5581,1983,E4_FORMAT_NOT_JSON;P1_PROMPT_CHANGED;S1_GOLD_UNCONFIRMED,False
PL008_VOCSTotal_Q01__A2_K2,PL008_VOCSTotal_Q01,VOCs源强与总量数值一致性,A2,K2,OK,ready,5649,1914,E4_FORMAT_NOT_JSON;I5_WEB_SNAPSHOT_DRIFT;P1_PROMPT_CHANGED;S1_GOLD_UNCONFIRMED,False
PL008_VOCSTotal_Q01__A2_K3,PL008_VOCSTotal_Q01,VOCs源强与总量数值一致性,A2,K3,OK,ready,4687,1891,E4_FORMAT_NOT_JSON;I4_RAG_INSTRUCTION;P1_PROMPT_CHANGED;S1_GOLD_UNCONFIRMED,False
PL008_VOCSTotal_Q01__A3_K1,PL008_VOCSTotal_Q01,VOCs源强与总量数值一致性,A3,K1,TRUNCATED,ready,8192,0,E2_TRUNC_EMPTY;P1_PROMPT_CHANGED;S1_GOLD_UNCONFIRMED,False
PL008_VOCSTotal_Q01__A3_K2,PL008_VOCSTotal_Q01,VOCs源强与总量数值一致性,A3,K2,TRUNCATED,ready,8192,0,E2_TRUNC_EMPTY;I5_WEB_SNAPSHOT_DRIFT;P1_PROMPT_CHANGED;S1_GOLD_UNCONFIRMED,False
PL008_VOCSTotal_Q01__A3_K3,PL008_VOCSTotal_Q01,VOCs源强与总量数值一致性,A3,K3,TRUNCATED,ready,8192,0,E2_TRUNC_EMPTY;I4_RAG_INSTRUCTION;P1_PROMPT_CHANGED;S1_GOLD_UNCONFIRMED,False
NEW_PL006_invest_ratio__A1_K1,NEW_PL006_invest_ratio,环保投资比例核算,A1,K1,OK,error_no_report,530,498,E4_FORMAT_NOT_JSON;I1_NO_REPORT;P1_PROMPT_CHANGED;S1_GOLD_UNCONFIRMED,False
NEW_PL006_invest_ratio__A1_K2,NEW_PL006_invest_ratio,环保投资比例核算,A1,K2,OK,error_no_report,1007,893,E4_FORMAT_NOT_JSON;I1_NO_REPORT;I5_WEB_SNAPSHOT_DRIFT;P1_PROMPT_CHANGED;S1_GOLD_UNCONFIRMED,False
NEW_PL006_invest_ratio__A1_K3,NEW_PL006_invest_ratio,环保投资比例核算,A1,K3,OK,error_no_report,792,714,E4_FORMAT_NOT_JSON;I1_NO_REPORT;I4_RAG_INSTRUCTION;P1_PROMPT_CHANGED;S1_GOLD_UNCONFIRMED,False
NEW_PL006_invest_ratio__A2_K1,NEW_PL006_invest_ratio,环保投资比例核算,A2,K1,OK,error_no_report,738,421,E4_FORMAT_NOT_JSON;I1_NO_REPORT;P1_PROMPT_CHANGED;S1_GOLD_UNCONFIRMED,False
NEW_PL006_invest_ratio__A2_K2,NEW_PL006_invest_ratio,环保投资比例核算,A2,K2,OK,error_no_report,1216,664,E4_FORMAT_NOT_JSON;I1_NO_REPORT;I5_WEB_SNAPSHOT_DRIFT;P1_PROMPT_CHANGED;S1_GOLD_UNCONFIRMED,False
NEW_PL006_invest_ratio__A2_K3,NEW_PL006_invest_ratio,环保投资比例核算,A2,K3,OK,error_no_report,983,722,E4_FORMAT_NOT_JSON;I1_NO_REPORT;I4_RAG_INSTRUCTION;P1_PROMPT_CHANGED;S1_GOLD_UNCONFIRMED,False
NEW_PL006_invest_ratio__A3_K1,NEW_PL006_invest_ratio,环保投资比例核算,A3,K1,OK,error_no_report,454,433,E4_FORMAT_NOT_JSON;I1_NO_REPORT;P1_PROMPT_CHANGED;S1_GOLD_UNCONFIRMED,False
NEW_PL006_invest_ratio__A3_K2,NEW_PL006_invest_ratio,环保投资比例核算,A3,K2,OK,error_no_report,843,661,E4_FORMAT_NOT_JSON;I1_NO_REPORT;I5_WEB_SNAPSHOT_DRIFT;P1_PROMPT_CHANGED;S1_GOLD_UNCONFIRMED,False
NEW_PL006_invest_ratio__A3_K3,NEW_PL006_invest_ratio,环保投资比例核算,A3,K3,OK,error_no_report,730,709,E4_FORMAT_NOT_JSON;I1_NO_REPORT;I4_RAG_INSTRUCTION;P1_PROMPT_CHANGED;S1_GOLD_UNCONFIRMED,False
NEW_PL010_invest_ratio__A1_K1,NEW_PL010_invest_ratio,环保投资比例核算,A1,K1,OK,error_no_report,532,501,E4_FORMAT_NOT_JSON;I1_NO_REPORT;P1_PROMPT_CHANGED;S1_GOLD_UNCONFIRMED,False
NEW_PL010_invest_ratio__A1_K2,NEW_PL010_invest_ratio,环保投资比例核算,A1,K2,OK,error_no_report,549,433,E4_FORMAT_NOT_JSON;I1_NO_REPORT;I3_WEB_EMPTY;I5_WEB_SNAPSHOT_DRIFT;P1_PROMPT_CHANGED;S1_GOLD_UNCONFIRMED,False
NEW_PL010_invest_ratio__A1_K3,NEW_PL010_invest_ratio,环保投资比例核算,A1,K3,OK,error_no_report,681,639,E4_FORMAT_NOT_JSON;I1_NO_REPORT;I4_RAG_INSTRUCTION;P1_PROMPT_CHANGED;S1_GOLD_UNCONFIRMED,False
NEW_PL010_invest_ratio__A2_K1,NEW_PL010_invest_ratio,环保投资比例核算,A2,K1,OK,error_no_report,1020,549,E4_FORMAT_NOT_JSON;I1_NO_REPORT;P1_PROMPT_CHANGED;S1_GOLD_UNCONFIRMED,False
NEW_PL010_invest_ratio__A2_K2,NEW_PL010_invest_ratio,环保投资比例核算,A2,K2,OK,error_no_report,1240,666,E4_FORMAT_NOT_JSON;I1_NO_REPORT;I3_WEB_EMPTY;I5_WEB_SNAPSHOT_DRIFT;P1_PROMPT_CHANGED;S1_GOLD_UNCONFIRMED,False
NEW_PL010_invest_ratio__A2_K3,NEW_PL010_invest_ratio,环保投资比例核算,A2,K3,OK,error_no_report,1014,574,E4_FORMAT_NOT_JSON;I1_NO_REPORT;I4_RAG_INSTRUCTION;P1_PROMPT_CHANGED;S1_GOLD_UNCONFIRMED,False
NEW_PL010_invest_ratio__A3_K1,NEW_PL010_invest_ratio,环保投资比例核算,A3,K1,OK,error_no_report,689,473,E4_FORMAT_NOT_JSON;I1_NO_REPORT;P1_PROMPT_CHANGED;S1_GOLD_UNCONFIRMED,False
NEW_PL010_invest_ratio__A3_K2,NEW_PL010_invest_ratio,环保投资比例核算,A3,K2,OK,error_no_report,910,483,E4_FORMAT_NOT_JSON;I1_NO_REPORT;I3_WEB_EMPTY;I5_WEB_SNAPSHOT_DRIFT;P1_PROMPT_CHANGED;S1_GOLD_UNCONFIRMED,False
NEW_PL010_invest_ratio__A3_K3,NEW_PL010_invest_ratio,环保投资比例核算,A3,K3,OK,error_no_report,1035,579,E4_FORMAT_NOT_JSON;I1_NO_REPORT;I4_RAG_INSTRUCTION;P1_PROMPT_CHANGED;S1_GOLD_UNCONFIRMED,False
NEW_PL007_ro_water__A1_K1,NEW_PL007_ro_water,纯水制备水量核算,A1,K1,OK,error_no_report,1478,864,E4_FORMAT_NOT_JSON;I1_NO_REPORT;P1_PROMPT_CHANGED;S1_GOLD_UNCONFIRMED,False
NEW_PL007_ro_water__A1_K2,NEW_PL007_ro_water,纯水制备水量核算,A1,K2,OK,error_no_report,1929,1936,E4_FORMAT_NOT_JSON;I1_NO_REPORT;I5_WEB_SNAPSHOT_DRIFT;P1_PROMPT_CHANGED;S1_GOLD_UNCONFIRMED,False
NEW_PL007_ro_water__A1_K3,NEW_PL007_ro_water,纯水制备水量核算,A1,K3,OK,error_no_report,2243,2539,E4_FORMAT_NOT_JSON;I1_NO_REPORT;I4_RAG_INSTRUCTION;P1_PROMPT_CHANGED;S1_GOLD_UNCONFIRMED,False
NEW_PL007_ro_water__A2_K1,NEW_PL007_ro_water,纯水制备水量核算,A2,K1,OK,error_no_report,1397,754,E4_FORMAT_NOT_JSON;I1_NO_REPORT;P1_PROMPT_CHANGED;S1_GOLD_UNCONFIRMED,False
NEW_PL007_ro_water__A2_K2,NEW_PL007_ro_water,纯水制备水量核算,A2,K2,OK,error_no_report,1626,911,E4_FORMAT_NOT_JSON;I1_NO_REPORT;I5_WEB_SNAPSHOT_DRIFT;P1_PROMPT_CHANGED;S1_GOLD_UNCONFIRMED,False
NEW_PL007_ro_water__A2_K3,NEW_PL007_ro_water,纯水制备水量核算,A2,K3,OK,error_no_report,1634,691,E4_FORMAT_NOT_JSON;I1_NO_REPORT;I4_RAG_INSTRUCTION;P1_PROMPT_CHANGED;S1_GOLD_UNCONFIRMED,False
NEW_PL007_ro_water__A3_K1,NEW_PL007_ro_water,纯水制备水量核算,A3,K1,OK,error_no_report,1276,1423,E4_FORMAT_NOT_JSON;I1_NO_REPORT;P1_PROMPT_CHANGED;S1_GOLD_UNCONFIRMED,False
NEW_PL007_ro_water__A3_K2,NEW_PL007_ro_water,纯水制备水量核算,A3,K2,OK,error_no_report,1700,1465,E4_FORMAT_NOT_JSON;I1_NO_REPORT;I5_WEB_SNAPSHOT_DRIFT;P1_PROMPT_CHANGED;S1_GOLD_UNCONFIRMED,False
NEW_PL007_ro_water__A3_K3,NEW_PL007_ro_water,纯水制备水量核算,A3,K3,OK,error_no_report,2865,2245,E4_FORMAT_NOT_JSON;I1_NO_REPORT;I4_RAG_INSTRUCTION;P1_PROMPT_CHANGED;S1_GOLD_UNCONFIRMED,False
PL014_CaptureAirflow_Q01__A1_K1,PL014_CaptureAirflow_Q01,废气收集形式与理论排气量,A1,K1,TRUNCATED,ready,8192,0,E2_TRUNC_EMPTY;P1_PROMPT_CHANGED;S1_GOLD_UNCONFIRMED,False
PL014_CaptureAirflow_Q01__A1_K2,PL014_CaptureAirflow_Q01,废气收集形式与理论排气量,A1,K2,TRUNCATED,ready,8192,1807,E3_TRUNC_PARTIAL;I3_WEB_EMPTY;I5_WEB_SNAPSHOT_DRIFT;P1_PROMPT_CHANGED;S1_GOLD_UNCONFIRMED,False
PL014_CaptureAirflow_Q01__A1_K3,PL014_CaptureAirflow_Q01,废气收集形式与理论排气量,A1,K3,TRUNCATED,ready,8192,1587,E3_TRUNC_PARTIAL;I4_RAG_INSTRUCTION;P1_PROMPT_CHANGED;S1_GOLD_UNCONFIRMED,False
PL014_CaptureAirflow_Q01__A2_K1,PL014_CaptureAirflow_Q01,废气收集形式与理论排气量,A2,K1,OK,ready,3411,1461,E4_FORMAT_NOT_JSON;P1_PROMPT_CHANGED;S1_GOLD_UNCONFIRMED,False
PL014_CaptureAirflow_Q01__A2_K2,PL014_CaptureAirflow_Q01,废气收集形式与理论排气量,A2,K2,OK,ready,3660,1606,E4_FORMAT_NOT_JSON;I3_WEB_EMPTY;I5_WEB_SNAPSHOT_DRIFT;P1_PROMPT_CHANGED;S1_GOLD_UNCONFIRMED,False
PL014_CaptureAirflow_Q01__A2_K3,PL014_CaptureAirflow_Q01,废气收集形式与理论排气量,A2,K3,OK,ready,2819,1304,E4_FORMAT_NOT_JSON;I4_RAG_INSTRUCTION;P1_PROMPT_CHANGED;S1_GOLD_UNCONFIRMED,False
PL014_CaptureAirflow_Q01__A3_K1,PL014_CaptureAirflow_Q01,废气收集形式与理论排气量,A3,K1,TRUNCATED,ready,8192,4307,E3_TRUNC_PARTIAL;P1_PROMPT_CHANGED;S1_GOLD_UNCONFIRMED,False
PL014_CaptureAirflow_Q01__A3_K2,PL014_CaptureAirflow_Q01,废气收集形式与理论排气量,A3,K2,TRUNCATED,ready,8192,0,E2_TRUNC_EMPTY;I3_WEB_EMPTY;I5_WEB_SNAPSHOT_DRIFT;P1_PROMPT_CHANGED;S1_GOLD_UNCONFIRMED,False
PL014_CaptureAirflow_Q01__A3_K3,PL014_CaptureAirflow_Q01,废气收集形式与理论排气量,A3,K3,TRUNCATED,ready,8192,636,E3_TRUNC_PARTIAL;I4_RAG_INSTRUCTION;P1_PROMPT_CHANGED;S1_GOLD_UNCONFIRMED,False
PL001_Emission_固体__A1_K1,PL001_Emission_固体,固体废物控制标准,A1,K1,TRUNCATED,ready,8192,0,E2_TRUNC_EMPTY;P1_PROMPT_CHANGED;S1_GOLD_UNCONFIRMED,False
PL001_Emission_固体__A1_K2,PL001_Emission_固体,固体废物控制标准,A1,K2,TRUNCATED,ready,8192,0,E2_TRUNC_EMPTY;I3_WEB_EMPTY;I5_WEB_SNAPSHOT_DRIFT;P1_PROMPT_CHANGED;S1_GOLD_UNCONFIRMED,False
PL001_Emission_固体__A1_K3,PL001_Emission_固体,固体废物控制标准,A1,K3,TRUNCATED,ready,8192,0,E2_TRUNC_EMPTY;P1_PROMPT_CHANGED;S1_GOLD_UNCONFIRMED,False
PL001_Emission_固体__A2_K1,PL001_Emission_固体,固体废物控制标准,A2,K1,OK,ready,3126,1467,E4_FORMAT_NOT_JSON;P1_PROMPT_CHANGED;S1_GOLD_UNCONFIRMED,False
PL001_Emission_固体__A2_K2,PL001_Emission_固体,固体废物控制标准,A2,K2,OK,ready,3161,1619,E4_FORMAT_NOT_JSON;I3_WEB_EMPTY;I5_WEB_SNAPSHOT_DRIFT;P1_PROMPT_CHANGED;S1_GOLD_UNCONFIRMED,False
PL001_Emission_固体__A2_K3,PL001_Emission_固体,固体废物控制标准,A2,K3,OK,ready,4808,1670,E4_FORMAT_NOT_JSON;P1_PROMPT_CHANGED;S1_GOLD_UNCONFIRMED,False
PL001_Emission_固体__A3_K1,PL001_Emission_固体,固体废物控制标准,A3,K1,TRUNCATED,ready,8192,0,E2_TRUNC_EMPTY;P1_PROMPT_CHANGED;S1_GOLD_UNCONFIRMED,False
PL001_Emission_固体__A3_K2,PL001_Emission_固体,固体废物控制标准,A3,K2,TRUNCATED,ready,8192,2011,E3_TRUNC_PARTIAL;I3_WEB_EMPTY;I5_WEB_SNAPSHOT_DRIFT;P1_PROMPT_CHANGED;S1_GOLD_UNCONFIRMED,False
PL001_Emission_固体__A3_K3,PL001_Emission_固体,固体废物控制标准,A3,K3,TRUNCATED,ready,8192,0,E2_TRUNC_EMPTY;P1_PROMPT_CHANGED;S1_GOLD_UNCONFIRMED,False
NEW_PL006_living_wastewater__A1_K1,NEW_PL006_living_wastewater,生活污水量核算,A1,K1,OK,error_no_report,685,687,E4_FORMAT_NOT_JSON;I1_NO_REPORT;P1_PROMPT_CHANGED;S1_GOLD_UNCONFIRMED,False
NEW_PL006_living_wastewater__A1_K2,NEW_PL006_living_wastewater,生活污水量核算,A1,K2,OK,error_no_report,963,1049,E4_FORMAT_NOT_JSON;I1_NO_REPORT;I5_WEB_SNAPSHOT_DRIFT;P1_PROMPT_CHANGED;S1_GOLD_UNCONFIRMED,False
NEW_PL006_living_wastewater__A1_K3,NEW_PL006_living_wastewater,生活污水量核算,A1,K3,OK,error_no_report,976,829,E4_FORMAT_NOT_JSON;I1_NO_REPORT;I4_RAG_INSTRUCTION;P1_PROMPT_CHANGED;S1_GOLD_UNCONFIRMED,False
NEW_PL006_living_wastewater__A2_K1,NEW_PL006_living_wastewater,生活污水量核算,A2,K1,OK,error_no_report,1279,636,E4_FORMAT_NOT_JSON;I1_NO_REPORT;P1_PROMPT_CHANGED;S1_GOLD_UNCONFIRMED,False
NEW_PL006_living_wastewater__A2_K2,NEW_PL006_living_wastewater,生活污水量核算,A2,K2,OK,error_no_report,1431,607,E4_FORMAT_NOT_JSON;I1_NO_REPORT;I5_WEB_SNAPSHOT_DRIFT;P1_PROMPT_CHANGED;S1_GOLD_UNCONFIRMED,False
NEW_PL006_living_wastewater__A2_K3,NEW_PL006_living_wastewater,生活污水量核算,A2,K3,OK,error_no_report,1206,642,E4_FORMAT_NOT_JSON;I1_NO_REPORT;I4_RAG_INSTRUCTION;P1_PROMPT_CHANGED;S1_GOLD_UNCONFIRMED,False
NEW_PL006_living_wastewater__A3_K1,NEW_PL006_living_wastewater,生活污水量核算,A3,K1,OK,error_no_report,926,974,E4_FORMAT_NOT_JSON;I1_NO_REPORT;P1_PROMPT_CHANGED;S1_GOLD_UNCONFIRMED,False
NEW_PL006_living_wastewater__A3_K2,NEW_PL006_living_wastewater,生活污水量核算,A3,K2,OK,error_no_report,2047,1182,E4_FORMAT_NOT_JSON;I1_NO_REPORT;I5_WEB_SNAPSHOT_DRIFT;P1_PROMPT_CHANGED;S1_GOLD_UNCONFIRMED,False
NEW_PL006_living_wastewater__A3_K3,NEW_PL006_living_wastewater,生活污水量核算,A3,K3,OK,error_no_report,1565,1073,E4_FORMAT_NOT_JSON;I1_NO_REPORT;I4_RAG_INSTRUCTION;P1_PROMPT_CHANGED;S1_GOLD_UNCONFIRMED,False
NEW_PL001_invest_ratio__A1_K1,NEW_PL001_invest_ratio,环保投资比例核算,A1,K1,OK,error_no_report,532,448,E4_FORMAT_NOT_JSON;I1_NO_REPORT;P1_PROMPT_CHANGED;S1_GOLD_UNCONFIRMED,False
NEW_PL001_invest_ratio__A1_K2,NEW_PL001_invest_ratio,环保投资比例核算,A1,K2,OK,error_no_report,791,684,E4_FORMAT_NOT_JSON;I1_NO_REPORT;I5_WEB_SNAPSHOT_DRIFT;P1_PROMPT_CHANGED;S1_GOLD_UNCONFIRMED,False
NEW_PL001_invest_ratio__A1_K3,NEW_PL001_invest_ratio,环保投资比例核算,A1,K3,OK,error_no_report,804,751,E4_FORMAT_NOT_JSON;I1_NO_REPORT;I4_RAG_INSTRUCTION;P1_PROMPT_CHANGED;S1_GOLD_UNCONFIRMED,False
NEW_PL001_invest_ratio__A2_K1,NEW_PL001_invest_ratio,环保投资比例核算,A2,K1,OK,error_no_report,679,349,E4_FORMAT_NOT_JSON;I1_NO_REPORT;P1_PROMPT_CHANGED;S1_GOLD_UNCONFIRMED,False
NEW_PL001_invest_ratio__A2_K2,NEW_PL001_invest_ratio,环保投资比例核算,A2,K2,OK,error_no_report,1345,854,E4_FORMAT_NOT_JSON;I1_NO_REPORT;I5_WEB_SNAPSHOT_DRIFT;P1_PROMPT_CHANGED;S1_GOLD_UNCONFIRMED,False
NEW_PL001_invest_ratio__A2_K3,NEW_PL001_invest_ratio,环保投资比例核算,A2,K3,OK,error_no_report,1089,541,E4_FORMAT_NOT_JSON;I1_NO_REPORT;I4_RAG_INSTRUCTION;P1_PROMPT_CHANGED;S1_GOLD_UNCONFIRMED,False
NEW_PL001_invest_ratio__A3_K1,NEW_PL001_invest_ratio,环保投资比例核算,A3,K1,OK,error_no_report,523,482,E4_FORMAT_NOT_JSON;I1_NO_REPORT;P1_PROMPT_CHANGED;S1_GOLD_UNCONFIRMED,False
NEW_PL001_invest_ratio__A3_K2,NEW_PL001_invest_ratio,环保投资比例核算,A3,K2,OK,error_no_report,830,799,E4_FORMAT_NOT_JSON;I1_NO_REPORT;I5_WEB_SNAPSHOT_DRIFT;P1_PROMPT_CHANGED;S1_GOLD_UNCONFIRMED,False
NEW_PL001_invest_ratio__A3_K3,NEW_PL001_invest_ratio,环保投资比例核算,A3,K3,OK,error_no_report,770,833,E4_FORMAT_NOT_JSON;I1_NO_REPORT;I4_RAG_INSTRUCTION;P1_PROMPT_CHANGED;S1_GOLD_UNCONFIRMED,False
NEW_PL015_invest_ratio__A1_K1,NEW_PL015_invest_ratio,环保投资比例核算,A1,K1,OK,error_no_report,478,377,E4_FORMAT_NOT_JSON;I1_NO_REPORT;P1_PROMPT_CHANGED;S1_GOLD_UNCONFIRMED,False
NEW_PL015_invest_ratio__A1_K2,NEW_PL015_invest_ratio,环保投资比例核算,A1,K2,OK,error_no_report,915,844,E4_FORMAT_NOT_JSON;I1_NO_REPORT;I5_WEB_SNAPSHOT_DRIFT;P1_PROMPT_CHANGED;S1_GOLD_UNCONFIRMED,False
NEW_PL015_invest_ratio__A1_K3,NEW_PL015_invest_ratio,环保投资比例核算,A1,K3,OK,error_no_report,1059,944,E4_FORMAT_NOT_JSON;I1_NO_REPORT;I4_RAG_INSTRUCTION;P1_PROMPT_CHANGED;S1_GOLD_UNCONFIRMED,False
NEW_PL015_invest_ratio__A2_K1,NEW_PL015_invest_ratio,环保投资比例核算,A2,K1,OK,error_no_report,938,454,E4_FORMAT_NOT_JSON;I1_NO_REPORT;P1_PROMPT_CHANGED;S1_GOLD_UNCONFIRMED,False
NEW_PL015_invest_ratio__A2_K2,NEW_PL015_invest_ratio,环保投资比例核算,A2,K2,OK,error_no_report,1639,696,E4_FORMAT_NOT_JSON;I1_NO_REPORT;I5_WEB_SNAPSHOT_DRIFT;P1_PROMPT_CHANGED;S1_GOLD_UNCONFIRMED,False
NEW_PL015_invest_ratio__A2_K3,NEW_PL015_invest_ratio,环保投资比例核算,A2,K3,OK,error_no_report,1157,571,E4_FORMAT_NOT_JSON;I1_NO_REPORT;I4_RAG_INSTRUCTION;P1_PROMPT_CHANGED;S1_GOLD_UNCONFIRMED,False
NEW_PL015_invest_ratio__A3_K1,NEW_PL015_invest_ratio,环保投资比例核算,A3,K1,OK,error_no_report,649,412,E4_FORMAT_NOT_JSON;I1_NO_REPORT;P1_PROMPT_CHANGED;S1_GOLD_UNCONFIRMED,False
NEW_PL015_invest_ratio__A3_K2,NEW_PL015_invest_ratio,环保投资比例核算,A3,K2,OK,error_no_report,1198,885,E4_FORMAT_NOT_JSON;I1_NO_REPORT;I5_WEB_SNAPSHOT_DRIFT;P1_PROMPT_CHANGED;S1_GOLD_UNCONFIRMED,False
NEW_PL015_invest_ratio__A3_K3,NEW_PL015_invest_ratio,环保投资比例核算,A3,K3,OK,error_no_report,814,903,E4_FORMAT_NOT_JSON;I1_NO_REPORT;I4_RAG_INSTRUCTION;P1_PROMPT_CHANGED;S1_GOLD_UNCONFIRMED,False
