skill_id,skill_file,skill_sha256,kb81_copy_sha256,kb81_copy_same,skill_version,hw_version_status
review-eia-activated-carbon-parameters,E:\实验文件整理_按论文逻辑\04_知识库构建\四层架构_正式库\04_Skill检索路由_15个Skill\skills\review-eia-activated-carbon-parameters\SKILL.md,2802ba719e71bea0be9b7bb646a8e21b871f57c2edeb51e549b8761be8315ae3,2802ba719e71bea0be9b7bb646a8e21b871f57c2edeb51e549b8761be8315ae3,True,四层架构_正式库_04_Skill检索路由_15个Skill,n/a
review-eia-exhaust-capture-efficiency,E:\实验文件整理_按论文逻辑\04_知识库构建\四层架构_正式库\04_Skill检索路由_15个Skill\skills\review-eia-exhaust-capture-efficiency\SKILL.md,ddd777b73d48fd1435020e8127ae3678850013afdbb53a4d7dc789e999d73699,ddd777b73d48fd1435020e8127ae3678850013afdbb53a4d7dc789e999d73699,True,四层架构_正式库_04_Skill检索路由_15个Skill,n/a
review-eia-construction-content-completeness,E:\实验文件整理_按论文逻辑\04_知识库构建\四层架构_正式库\04_Skill检索路由_15个Skill\skills\review-eia-construction-content-completeness\SKILL.md,88bc2eff2f2450cf4ceda19d3410ad87f98d7e14b779cfc046140ff8230c4da7,88bc2eff2f2450cf4ceda19d3410ad87f98d7e14b779cfc046140ff8230c4da7,True,四层架构_正式库_04_Skill检索路由_15个Skill,n/a
calculate-eia-pollutant-source-strength,E:\实验文件整理_按论文逻辑\04_知识库构建\四层架构_正式库\04_Skill检索路由_15个Skill\skills\calculate-eia-pollutant-source-strength\SKILL.md,918f052dc2b3e9abfa4d6df110bc802f405296f50f53e03305fdeee47f09d0ca,918f052dc2b3e9abfa4d6df110bc802f405296f50f53e03305fdeee47f09d0ca,True,四层架构_正式库_04_Skill检索路由_15个Skill,n/a
review-eia-exhaust-design-airflow,E:\实验文件整理_按论文逻辑\04_知识库构建\四层架构_正式库\04_Skill检索路由_15个Skill\skills\review-eia-exhaust-design-airflow\SKILL.md,9c288a67f1bc9d4a302f7baede1b31cbc6da3dd367474cf82f82309f84086041,9c288a67f1bc9d4a302f7baede1b31cbc6da3dd367474cf82f82309f84086041,True,四层架构_正式库_04_Skill检索路由_15个Skill,n/a
review-eia-vocs-total-control,E:\实验文件整理_按论文逻辑\04_知识库构建\四层架构_正式库\04_Skill检索路由_15个Skill\skills\review-eia-vocs-total-control\SKILL.md,df4b359c81ad475033c3be6333fb90aaff8c39137c3766bfea4b95d4b584ec07,df4b359c81ad475033c3be6333fb90aaff8c39137c3766bfea4b95d4b584ec07,True,四层架构_正式库_04_Skill检索路由_15个Skill,n/a
review-eia-pollutant-coefficient-applicability,E:\实验文件整理_按论文逻辑\04_知识库构建\四层架构_正式库\04_Skill检索路由_15个Skill\skills\review-eia-pollutant-coefficient-applicability\SKILL.md,6b1050cf6c3de9e0abb6f44b91ddd2e8eeae4ca1e7c4a6de593894b335dc9077,6b1050cf6c3de9e0abb6f44b91ddd2e8eeae4ca1e7c4a6de593894b335dc9077,True,四层架构_正式库_04_Skill检索路由_15个Skill,n/a
calculate-eia-exhaust-capture-airflow,E:\实验文件整理_按论文逻辑\04_知识库构建\四层架构_正式库\04_Skill检索路由_15个Skill\skills\calculate-eia-exhaust-capture-airflow\SKILL.md,5c95c19aa5a7cc1afea4308422f579cd0c4dca697f74a7f215cba7828774cc2e,5c95c19aa5a7cc1afea4308422f579cd0c4dca697f74a7f215cba7828774cc2e,True,四层架构_正式库_04_Skill检索路由_15个Skill,n/a
review-eia-hazardous-waste-identification,E:\实验文件整理_按论文逻辑\04_知识库构建\四层架构_正式库\04_Skill检索路由_15个Skill\skills\review-eia-hazardous-waste-identification\SKILL.md,ead69b4fe75bb7eb4540f5ee3e415d803897d3e24c0ba6e9bd04a732b54eac3d,41fb4b13beefc747bba9650ff1d8ebc44dfb2416a70fd40b9a0ded3cb2c24c93,False,四层架构_正式库_04_Skill检索路由_15个Skill,formal=A版；B版=非正式同步副本
