child_id,parent_id,source_id,char_count,start_char,end_char,content_sha256
STD-DIFY-01-001_C001,STD-DIFY-01-001_P001,STD-DIFY-01-001,900,0,900,7c9bba8ad3ad46ba709de4d06714ea172e8a83355fe52a1b4c77ea9a2dcdff9d
STD-DIFY-01-001_C002,STD-DIFY-01-001_P001,STD-DIFY-01-001,506,750,1256,9470621c6c980d7d10e46dbd7ebba0c9248759ed6e3a7e0f0b2884e56cd740c5
STD-DIFY-01-002_C001,STD-DIFY-01-002_P001,STD-DIFY-01-002,900,0,900,7ef6dc2df4a5e5f89edeba5babfccd9e38f851c258c4428b8b7a1dd08f72a18f
STD-DIFY-01-002_C002,STD-DIFY-01-002_P001,STD-DIFY-01-002,447,750,1197,18b51b70cb95c46149fee6e163f72969346743981564935bcd853a8fc8ac58b2
STD-DIFY-02-001_C001,STD-DIFY-02-001_P001,STD-DIFY-02-001,900,0,900,a6c863fd4ae9aa807900e359d0572e05b05ccff7b89f8a3cc8c0b7bca6d920da
STD-DIFY-02-001_C002,STD-DIFY-02-001_P001,STD-DIFY-02-001,530,750,1280,8221a500283fd49c1faf03133dc1a270ab31e4bf0d934334826a4ef11fc298da
STD-DIFY-03-001_C001,STD-DIFY-03-001_P001,STD-DIFY-03-001,900,0,900,533aaff887e60f1d2375fa0536e48c7cd302157e8271e9d1c9fc737b65a4b931
STD-DIFY-03-001_C002,STD-DIFY-03-001_P001,STD-DIFY-03-001,362,750,1112,a9f4367822e59055fad4b193c1b3458ce7cd95dd3c7f4c659ec3d5392eb5f0f6
STD-DIFY-03-002_C001,STD-DIFY-03-002_P001,STD-DIFY-03-002,900,0,900,0da03a6914e1145a222ce416a99220d41c622ee47b7106ed9ce783c54a892c7f
STD-DIFY-03-002_C002,STD-DIFY-03-002_P001,STD-DIFY-03-002,350,750,1100,079cd01d936fac2c66cfe86ab2077ce7f6303a3ff3847c0e8d628c9b733d4741
STD-DIFY-04-001_C001,STD-DIFY-04-001_P001,STD-DIFY-04-001,900,0,900,5b18208b350af067e3b622ad74a018f09c8c3828777ac3fdac9da3e0cbadab95
STD-DIFY-04-001_C002,STD-DIFY-04-001_P001,STD-DIFY-04-001,397,750,1147,e9c55c037d000075d2f90e2fbdeb50ba6f7e9ef2c9f06379d4adbb0e5054bddf
STD-DIFY-05-001_C001,STD-DIFY-05-001_P001,STD-DIFY-05-001,900,0,900,cafa03ee3adee8c9d0a826af1e5c90fc711144e344a20b24fd475b34261dc305
STD-DIFY-05-001_C002,STD-DIFY-05-001_P001,STD-DIFY-05-001,407,750,1157,2412f1367dd9a9f4018c7a750986cc971147eacdb2268258f016f200de42f635
STD-DIFY-06-001_C001,STD-DIFY-06-001_P001,STD-DIFY-06-001,900,0,900,8a376fa7acd45299c3ffbf6dd64c653091c04ec78dcb0e1e248b3067de9aab87
STD-DIFY-06-001_C002,STD-DIFY-06-001_P001,STD-DIFY-06-001,729,750,1479,db6dc9a29d6fff64a6b35511d48ef620b68f7303624be64014eb407782d7d8ca
STD-DIFY-06-002_C001,STD-DIFY-06-002_P001,STD-DIFY-06-002,900,0,900,2b08f185ffcd5e01581f4c7f868eaca634973fcaa33d2557088d3a550713f739
STD-DIFY-06-002_C002,STD-DIFY-06-002_P001,STD-DIFY-06-002,692,750,1442,aff1fb8305273b8cf8f237d3d5581eda8303adc9fd50bc89d75260c2a59f4caa
STD-DIFY-06-003_C001,STD-DIFY-06-003_P001,STD-DIFY-06-003,900,0,900,536fe4e62a2a8dc2816892137ed2dbef80e8cff46e5794444e2330564ce6a83f
STD-DIFY-06-003_C002,STD-DIFY-06-003_P001,STD-DIFY-06-003,357,750,1107,b4902a3bc5dc75050e89f05eb43f7f672aa2563c5db8e57940448eef69decc2e
STD-DIFY-06-004_C001,STD-DIFY-06-004_P001,STD-DIFY-06-004,900,0,900,9d374a466a4fc0043a57fc5ee7139b7b26c14402bae51016e57dc98fb014eb03
STD-DIFY-06-004_C002,STD-DIFY-06-004_P001,STD-DIFY-06-004,882,750,1632,2c5e44b9f87ddd471414f99a2db5a98a55cdea57e88ceaf658e71f9d9f094074
STD-DIFY-07-001_C001,STD-DIFY-07-001_P001,STD-DIFY-07-001,900,0,900,4164453c78fa736216edde17ee5968ff331aa3b5ac1f7b5a451cb2df0e1b310d
STD-DIFY-07-001_C002,STD-DIFY-07-001_P001,STD-DIFY-07-001,408,750,1158,11c3da8b6d6cc0156060704a2001b497ad2cb8f59f54976e9aeeec51882bb287
STD-DIFY-07-002_C001,STD-DIFY-07-002_P001,STD-DIFY-07-002,900,0,900,1de2c4d73509dfa37e8fed179096f2775dd399243b32b2755a05143055535f2b
STD-DIFY-07-002_C002,STD-DIFY-07-002_P001,STD-DIFY-07-002,687,750,1437,b392757e7b58f8d2ccd68b3986a36bad591493fded1ba82199ac03939858d74b
STD-DIFY-07-003_C001,STD-DIFY-07-003_P001,STD-DIFY-07-003,900,0,900,2fede03d887f24df1003f93a94265547b95b327c1b639d4f76ab008e81698b54
STD-DIFY-07-003_C002,STD-DIFY-07-003_P001,STD-DIFY-07-003,376,750,1126,71218ccc1bbe17ee4c61f9c21936068d8b1e19cdfe971c09f1538535971826e2
STD-DIFY-07-004_C001,STD-DIFY-07-004_P001,STD-DIFY-07-004,900,0,900,f324e1679dd03b1f6a99f082169a0cfbd08f6e67414678e29f0ae2830c57f17a
STD-DIFY-07-004_C002,STD-DIFY-07-004_P001,STD-DIFY-07-004,426,750,1176,dea4ed8ca0d9a34214677434d01e914ea04ff0a878249a9ec8594ae8df872f40
STD-DIFY-07-005_C001,STD-DIFY-07-005_P001,STD-DIFY-07-005,900,0,900,3e7da8e20aa0eacbb649c49da13946e25cccc2a9a3897927e74b5cdca752e5d0
STD-DIFY-07-005_C002,STD-DIFY-07-005_P001,STD-DIFY-07-005,551,750,1301,9a669ad7c393da3b867fe8333dc2d458eff3064810bc0a4915515aed8e473507
STD-DIFY-07-006_C001,STD-DIFY-07-006_P001,STD-DIFY-07-006,900,0,900,52b13c78e8359d9c285eb622fc02fae33dc7e7f8f029cde0696efd722d4fdfd6
STD-DIFY-07-006_C002,STD-DIFY-07-006_P001,STD-DIFY-07-006,473,750,1223,24dde398952d2c466c21dfe264e7e3be04ac5936f95372b046c0d5b912cc2209
STD-DIFY-08-001_C001,STD-DIFY-08-001_P001,STD-DIFY-08-001,900,0,900,0bb6f3c28a7096c6f4f855091e9ad95f3bf57bf0e1892c92d2455aab68aae9b9
STD-DIFY-08-001_C002,STD-DIFY-08-001_P001,STD-DIFY-08-001,754,750,1504,dd6f69a99c255427421efe86ed2365d683e7114ad7c02cd1254b22ee773a29f8
STD-DIFY-09-001_C001,STD-DIFY-09-001_P001,STD-DIFY-09-001,900,0,900,e7ef7221ae4d7fc42036675807f29bf10be45e5f4991bafcec2b5f12e28e522d
STD-DIFY-09-001_C002,STD-DIFY-09-001_P001,STD-DIFY-09-001,369,750,1119,6c517eb899c0fc2ab10513aa285e957f3d827cf7ecb9a51fd19862db5ed9be3f
STD-DIFY-10-001_C001,STD-DIFY-10-001_P001,STD-DIFY-10-001,900,0,900,4de3afebb8aebc23fea467e362491d92005897c24fafe3a75c1b722feadbb462
STD-DIFY-10-001_C002,STD-DIFY-10-001_P001,STD-DIFY-10-001,623,750,1373,6a51df84dddd9e559414c7b37fd1b2d3fc40fc04db29c80d0e2f95d9f9abdd18
STD-DIFY-10-002_C001,STD-DIFY-10-002_P001,STD-DIFY-10-002,900,0,900,9c0b5ec8ba908730502fcf9aaf04f7fefbf65fdb61ebf6b2cc1a6ef86433a0d5
STD-DIFY-10-002_C002,STD-DIFY-10-002_P001,STD-DIFY-10-002,317,750,1067,00bb1dbdc03858f96518e78c251deabf950cb3664f9ea41ac77136517d4668ab
STD-DIFY-11-001_C001,STD-DIFY-11-001_P001,STD-DIFY-11-001,900,0,900,6f033e9fb971ec7077b7a463534b4cfbe6accaacdb341857a54364b0b5039028
STD-DIFY-11-001_C002,STD-DIFY-11-001_P001,STD-DIFY-11-001,602,750,1352,4139fedd11728d540ca1b790a590bcc9f347fa33c4f67704318d5af29a7b6de0
STD-DIFY-11-002_C001,STD-DIFY-11-002_P001,STD-DIFY-11-002,900,0,900,f77c9b5a1a8545a74f04fe44295a1cc98d4e46fda51109a3f03c1d7658cdbc14
STD-DIFY-11-002_C002,STD-DIFY-11-002_P001,STD-DIFY-11-002,454,750,1204,3ee110776a41fdb2ce65a5f1ba92b53bb304684481f503a6b3a1637fe4e828d2
STD-DIFY-12-001_C001,STD-DIFY-12-001_P001,STD-DIFY-12-001,900,0,900,e9b88e73422d610f40fb70f6583150928513405cedafeb8f8eac325f85705549
STD-DIFY-12-001_C002,STD-DIFY-12-001_P001,STD-DIFY-12-001,900,750,1650,e6401f6bf8b82fd696387b6eb252de7911f83fdd4bac290b5c6cf6e97897a09a
STD-DIFY-12-001_C003,STD-DIFY-12-001_P001,STD-DIFY-12-001,328,1500,1828,f2512d413c7178015e01c307c319c2b7214392a44c96c431edecbc1f5aa002e6
STD-DIFY-13-001_C001,STD-DIFY-13-001_P001,STD-DIFY-13-001,900,0,900,c797af4f5b301ada1b949fcc2ea3c30f27092f726e505e540443ff1cf668e8fb
STD-DIFY-13-001_C002,STD-DIFY-13-001_P001,STD-DIFY-13-001,551,750,1301,b0eaf365863f3c899e20b58cd434216e245bfa723aaf761ae5af931aeb5f90b0
STD-DIFY-14-001_C001,STD-DIFY-14-001_P001,STD-DIFY-14-001,900,0,900,fa0e5805d8c52b351e58c090be5a41d25299987afde7c54eabf27803940966e1
STD-DIFY-14-001_C002,STD-DIFY-14-001_P001,STD-DIFY-14-001,510,750,1260,beb1bb6226f8d9ed3294b9a695bc62f8177b9dbb91eab055bc02f305723764fe
STD-DIFY-15-001_C001,STD-DIFY-15-001_P001,STD-DIFY-15-001,900,0,900,d85d9990afda257efb6997438c2ea513f9a27703a9c5f588f427596a6b7c29d6
STD-DIFY-15-001_C002,STD-DIFY-15-001_P001,STD-DIFY-15-001,856,750,1606,b2fa9b23f4b8e224aa6409599d32d506a5676178fb5d4da4cab7c5b2389e0335
STD-DIFY-SRC-001_C001,STD-DIFY-SRC-001_P001,STD-DIFY-SRC-001,900,0,900,445809d5e146ddd19901b25fa0ffa9a2193b53773c67af15df89838b631eb634
STD-DIFY-SRC-001_C002,STD-DIFY-SRC-001_P001,STD-DIFY-SRC-001,182,750,932,a6bd595817558d4b2e33eb21df476a85d5c376170273f05147d21eb526c3dea2
STD-DIFY-SRC-002_C001,STD-DIFY-SRC-002_P001,STD-DIFY-SRC-002,900,0,900,1b0ea3725fae6632518ca6037c510fab608baaea96e45354c2b9be2452d9bfde
STD-DIFY-SRC-002_C002,STD-DIFY-SRC-002_P001,STD-DIFY-SRC-002,221,750,971,aa91c25e8c764bb26f29181af3344cf56ec54b5bcf06cf81e17e35ea4b9788f4
STD-DIFY-SRC-003_C001,STD-DIFY-SRC-003_P001,STD-DIFY-SRC-003,900,0,900,269c25ce38dc06a32974d1c5bddf069f11be081e04b7f7b7b07d92f7e4f9f1b7
STD-DIFY-SRC-003_C002,STD-DIFY-SRC-003_P001,STD-DIFY-SRC-003,213,750,963,477e66bae284ff26639dfcbf3b0df1145760f63477e718871938e0a0344170cf
STD-DIFY-SRC-004_C001,STD-DIFY-SRC-004_P001,STD-DIFY-SRC-004,900,0,900,52178e0319507bdb9ef15d714f1bd9f099e59f4eb0dd6ac8b6c81542cace5456
STD-DIFY-SRC-004_C002,STD-DIFY-SRC-004_P001,STD-DIFY-SRC-004,190,750,940,3331060469a880f693f0d0bfcf80d23c7a075e5a72012371c6787eef73074bb9
STD-DIFY-SRC-005_C001,STD-DIFY-SRC-005_P001,STD-DIFY-SRC-005,900,0,900,4e45f327077c51161a11ccc3589e352d68c7aa66b363c653ef3a4be977592879
STD-DIFY-SRC-005_C002,STD-DIFY-SRC-005_P001,STD-DIFY-SRC-005,198,750,948,cff534bd57ea581d5beece2ce0c5c6b557da8b7fa3fa0434a638495605490587
STD-DIFY-SRC-006_C001,STD-DIFY-SRC-006_P001,STD-DIFY-SRC-006,900,0,900,91fc9a0d9aaacc7560ecb420f25b90f1114a606c1f7612c88db007c6304d8ea8
STD-DIFY-SRC-006_C002,STD-DIFY-SRC-006_P001,STD-DIFY-SRC-006,190,750,940,25901a39573f01347071c7b2c8cf4e2ae65a4717847da8cd5549583b9d9b2cfe
STD-DIFY-SRC-007_C001,STD-DIFY-SRC-007_P001,STD-DIFY-SRC-007,900,0,900,6f4bb17279e1a6d3224a4496dfaf1733fdb195ce1e69e592ee3aa8c64696a7df
STD-DIFY-SRC-007_C002,STD-DIFY-SRC-007_P001,STD-DIFY-SRC-007,235,750,985,df87cf9c5ccf0c011d00f7124f24549792cbecb5d2fcfd913039910a9401482b
STD-DIFY-SRC-008_C001,STD-DIFY-SRC-008_P001,STD-DIFY-SRC-008,900,0,900,c7c5eda88678856edcfeb975b51537fed3f882862a3d62611746816d63040160
STD-DIFY-SRC-008_C002,STD-DIFY-SRC-008_P001,STD-DIFY-SRC-008,204,750,954,504c27c5fd4a0558f5c586e459b4754cc0090b332c9d6ae58b1579272eea74f8
STD-DIFY-SRC-009_C001,STD-DIFY-SRC-009_P001,STD-DIFY-SRC-009,900,0,900,2da7f3f1219f4c59cd6325de1e92c7090799190ed9608a12960718f796162749
STD-DIFY-SRC-009_C002,STD-DIFY-SRC-009_P001,STD-DIFY-SRC-009,183,750,933,edcc6e084f0cef4be53334dceaffa63d6fddd95cdc92020176aeffd559ce9bb4
STD-DIFY-SRC-010_C001,STD-DIFY-SRC-010_P001,STD-DIFY-SRC-010,900,0,900,92da10b0ddebeef811b7c30f4895fc1f4030535d79f7d174ab2c3ebb3f34067b
STD-DIFY-SRC-010_C002,STD-DIFY-SRC-010_P001,STD-DIFY-SRC-010,193,750,943,063ed1d1405222904949f5d9391f9518d1ada98a492d70c820a5cfbfb29b3967
STD-DIFY-06-005_C001,STD-DIFY-06-005_P001,STD-DIFY-06-005,900,0,900,fde80d91d2e2e820c08641adbd1d4d822081b0417b1f8c09d22f330db8d26866
STD-DIFY-06-005_C002,STD-DIFY-06-005_P001,STD-DIFY-06-005,900,750,1650,b8fdd7086be5de83bd3af431f01e4c37a5d2ea665917a87434779c751f95db04
STD-DIFY-06-005_C003,STD-DIFY-06-005_P001,STD-DIFY-06-005,900,1500,2400,2d13bc5d146c35abe3e5bf007f99d0f997059031e017ac340d5daf0f35e0f030
STD-DIFY-06-005_C004,STD-DIFY-06-005_P001,STD-DIFY-06-005,819,2250,3069,80e701ef747ef33ff93b1e205a17b2f11598ee459a54ae437cf33546fe471323
